{"log": [], "time": 1619360219.4530258, "save": 1619360231.3580642}