{"log": [{"dt": 1619360287.141717, "moveCost": 12.201975345611572, "sp": [6, 3], "ep": [4, 3], "piece": 0, "attacked": -1, "promoted": null}, {"dt": 1619360289.5006192, "moveCost": 2.3589022159576416, "sp": [1, 2], "ep": [3, 2], "piece": 6, "attacked": -1, "promoted": null}], "time": 1619360274.9397416, "save": 1619360295.6828387}